{"cameraMode":{"drawMode":0,"name":"Shaded","section":"Shading Mode"},"sceneLighting":true,"audioPlay":false,"sceneViewState":{"m_AlwaysRefresh":false,"showFog":true,"showSkybox":true,"showFlares":true,"showImageEffects":true,"showParticleSystems":true,"showVisualEffectGraphs":true,"m_FxEnabled":true},"in2DMode":false,"pivot":{"x":3.222620964050293,"y":-70.20709991455078,"z":85.35984802246094},"rotation":{"x":0.3192097842693329,"y":0.0028423520270735027,"z":-0.0009558288147673011,"w":0.9476748704910278},"size":75.60440826416016,"orthographic":false}