{"cameraMode":{"drawMode":0,"name":"Shaded","section":"Shading Mode"},"sceneLighting":false,"audioPlay":false,"sceneViewState":{"m_AlwaysRefresh":false,"showFog":true,"showSkybox":false,"showFlares":true,"showImageEffects":true,"showParticleSystems":true,"showVisualEffectGraphs":true,"m_FxEnabled":true},"in2DMode":false,"pivot":{"x":-3.6564903259277345,"y":-0.0000019073486328125,"z":6.995479583740234},"rotation":{"x":0.35557830333709719,"y":-0.517463743686676,"z":0.249577134847641,"w":0.7372293472290039},"size":14.044977188110352,"orthographic":false}